{
    "985" : "daisy",
    "264" : "Cardigan",
    "328" : "sea_urchin",
    "762" : "restaurant",
    "327" : "starfish",
    "673" : "mouse",
    "648" : "medicine_chest",
    "314" : "cockroach",
    "562" : "fountain",
    "963" : "pizza",
    "920" : "traffic_light",
    "421" : "bannister",
    "402" : "acoustic_guitar",
    "984" : "rapeseed",
    "758" : "reel",
    "916" : "web_site",
    "775" : "sarong",
    "141" : "redshank",
    "409" : "analog_clock",
    "851" : "television",
    "693" : "paddle",
    "776" : "sax",
    "878" : "typewriter_keyboard",
    "161" : "basset",
    "181" : "Bedlington_terrier",
    "589" : "hand_blower",
    "592" : "hard_disc",
    "305" : "dung_beetle",
    "643" : "mask",
    "849" : "teapot",
    "206" : "curly-coated_retriever",
    "734" : "police_van",
    "7" : "cock",
    "296" : "ice_bear",
    "898" : "water_bottle",
    "794" : "shower_curtain",
    "135" : "limpkin",
    "443" : "bib",
    "606" : "iron",
    "447" : "binoculars",
    "611" : "jigsaw_puzzle",
    "269" : "timber_wolf",
    "413" : "assault_rifle",
    "100" : "black_swan",
    "39" : "common_iguana",
    "157" : "papillon",
    "802" : "snowmobile",
    "295" : "American_black_bear",
    "817" : "sports_car",
    "585" : "hair_spray",
    "759" : "reflex_camera",
    "658" : "mitten",
    "848" : "tape_player",
    "439" : "bearskin",
    "544" : "Dutch_oven",
    "54" : "hognose_snake",
    "714" : "pick",
    "989" : "hip",
    "951" : "lemon",
    "473" : "can_opener",
    "235" : "German_shepherd",
    "617" : "lab_coat",
    "308" : "fly",
    "102" : "echidna",
    "468" : "cab",
    "63" : "Indian_cobra",
    "150" : "sea_lion",
    "591" : "handkerchief",
    "268" : "Mexican_hairless",
    "298" : "mongoose",
    "30" : "bullfrog",
    "419" : "Band_Aid",
    "699" : "panpipe",
    "808" : "sombrero",
    "455" : "bottlecap",
    "364" : "three-toed_sloth",
    "913" : "wreck",
    "165" : "black-and-tan_coonhound",
    "33" : "loggerhead",
    "825" : "stone_wall",
    "467" : "butcher_shop",
    "861" : "toilet_seat",
    "944" : "artichoke",
    "351" : "hartebeest",
    "198" : "standard_schnauzer",
    "146" : "albatross",
    "540" : "drilling_platform",
    "501" : "cloak",
    "662" : "modem",
    "822" : "steel_drum",
    "341" : "hog",
    "336" : "marmot",
    "701" : "parachute",
    "184" : "Irish_terrier",
    "76" : "tarantula",
    "695" : "padlock",
    "79" : "centipede",
    "12" : "house_finch",
    "946" : "cardoon",
    "233" : "Bouvier_des_Flandres",
    "56" : "king_snake",
    "253" : "basenji",
    "217" : "English_springer",
    "401" : "accordion",
    "142" : "dowitcher",
    "523" : "crutch",
    "864" : "tow_truck",
    "35" : "mud_turtle",
    "286" : "cougar",
    "677" : "nail",
    "154" : "Pekinese",
    "899" : "water_jug",
    "284" : "Siamese_cat",
    "376" : "proboscis_monkey",
    "853" : "thatch",
    "863" : "totem_pole",
    "281" : "tabby",
    "168" : "redbone",
    "283" : "Persian_cat",
    "312" : "cricket",
    "557" : "flagpole",
    "360" : "otter",
    "890" : "volleyball",
    "52" : "thunder_snake",
    "880" : "unicycle",
    "785" : "seat_belt",
    "69" : "trilobite",
    "319" : "dragonfly",
    "639" : "maillot",
    "740" : "power_drill",
    "917" : "comic_book",
    "81" : "ptarmigan",
    "505" : "coffeepot",
    "782" : "screen",
    "346" : "water_buffalo",
    "449" : "boathouse",
    "242" : "boxer",
    "656" : "minivan",
    "873" : "triumphal_arch",
    "356" : "weasel",
    "147" : "grey_whale",
    "375" : "colobus",
    "48" : "Komodo_dragon",
    "993" : "gyromitra",
    "266" : "miniature_poodle",
    "302" : "ground_beetle",
    "255" : "Leonberg",
    "109" : "brain_coral",
    "218" : "Welsh_springer_spaniel",
    "396" : "lionfish",
    "426" : "barometer",
    "839" : "suspension_bridge",
    "795" : "ski",
    "383" : "Madagascar_cat",
    "197" : "giant_schnauzer",
    "745" : "projector",
    "136" : "European_gallinule",
    "208" : "Labrador_retriever",
    "26" : "common_newt",
    "975" : "lakeside",
    "250" : "Siberian_husky",
    "996" : "hen-of-the-woods",
    "476" : "carousel",
    "448" : "birdhouse",
    "877" : "turnstile",
    "768" : "rugby_ball",
    "172" : "whippet",
    "632" : "loudspeaker",
    "550" : "espresso_maker",
    "713" : "photocopier",
    "153" : "Maltese_dog",
    "570" : "gasmask",
    "260" : "chow",
    "490" : "chain_mail",
    "615" : "knee_pad",
    "749" : "quill",
    "910" : "wooden_spoon",
    "893" : "wallet",
    "223" : "schipperke",
    "937" : "broccoli",
    "596" : "hatchet",
    "598" : "home_theater",
    "324" : "cabbage_butterfly",
    "773" : "saltshaker",
    "196" : "miniature_schnauzer",
    "222" : "kuvasz",
    "628" : "liner",
    "518" : "crash_helmet",
    "763" : "revolver",
    "779" : "school_bus",
    "964" : "potpie",
    "313" : "walking_stick",
    "755" : "radio_telescope",
    "967" : "espresso",
    "173" : "Ibizan_hound",
    "199" : "Scotch_terrier",
    "715" : "pickelhaube",
    "486" : "cello",
    "88" : "macaw",
    "115" : "sea_slug",
    "461" : "breastplate",
    "804" : "soap_dispenser",
    "828" : "strainer",
    "590" : "hand-held_computer",
    "285" : "Egyptian_cat",
    "451" : "bolo_tie",
    "445" : "bikini",
    "205" : "flat-coated_retriever",
    "20" : "water_ouzel",
    "942" : "butternut_squash",
    "554" : "fireboat",
    "962" : "meat_loaf",
    "719" : "piggy_bank",
    "607" : "jack-o'-lantern",
    "169" : "borzoi",
    "995" : "earthstar",
    "387" : "lesser_panda",
    "67" : "diamondback",
    "428" : "barrow",
    "326" : "lycaenid",
    "342" : "wild_boar",
    "51" : "triceratops",
    "384" : "indri",
    "882" : "vacuum",
    "958" : "hay",
    "334" : "porcupine",
    "841" : "sweatshirt",
    "665" : "moped",
    "84" : "peacock",
    "265" : "toy_poodle",
    "805" : "soccer_ball",
    "603" : "horse_cart",
    "634" : "lumbermill",
    "355" : "llama",
    "438" : "beaker",
    "781" : "scoreboard",
    "684" : "ocarina",
    "64" : "green_mamba",
    "520" : "crib",
    "321" : "admiral",
    "318" : "lacewing",
    "177" : "Scottish_deerhound",
    "257" : "Great_Pyrenees",
    "661" : "Model_T",
    "83" : "prairie_chicken",
    "420" : "banjo",
    "234" : "Rottweiler",
    "631" : "lotion",
    "548" : "entertainment_center",
    "936" : "head_cabbage",
    "230" : "Shetland_sheepdog",
    "748" : "purse",
    "827" : "stove",
    "623" : "letter_opener",
    "96" : "toucan",
    "293" : "cheetah",
    "654" : "minibus",
    "245" : "French_bulldog",
    "865" : "toyshop",
    "395" : "gar",
    "906" : "Windsor_tie",
    "325" : "sulphur_butterfly",
    "191" : "Airedale",
    "193" : "Australian_terrier",
    "766" : "rotisserie",
    "575" : "golfcart",
    "457" : "bow_tie",
    "47" : "African_chameleon",
    "647" : "measuring_cup",
    "956" : "custard_apple",
    "957" : "pomegranate",
    "691" : "oxygen_mask",
    "237" : "miniature_pinscher",
    "593" : "harmonica",
    "424" : "barbershop",
    "474" : "cardigan",
    "3" : "tiger_shark",
    "754" : "radio",
    "767" : "rubber_eraser",
    "629" : "lipstick",
    "581" : "grille",
    "843" : "swing",
    "525" : "dam",
    "57" : "garter_snake",
    "133" : "bittern",
    "248" : "Eskimo_dog",
    "833" : "submarine",
    "113" : "snail",
    "200" : "Tibetan_terrier",
    "186" : "Norwich_terrier",
    "574" : "golf_ball",
    "537" : "dogsled",
    "952" : "fig",
    "107" : "jellyfish",
    "687" : "organ",
    "138" : "bustard",
    "397" : "puffer",
    "340" : "zebra",
    "831" : "studio_couch",
    "852" : "tennis_ball",
    "683" : "oboe",
    "166" : "Walker_hound",
    "24" : "great_grey_owl",
    "760" : "refrigerator",
    "965" : "burrito",
    "130" : "flamingo",
    "690" : "oxcart",
    "78" : "tick",
    "228" : "komondor",
    "469" : "caldron",
    "104" : "wallaby",
    "614" : "kimono",
    "92" : "bee_eater",
    "770" : "running_shoe",
    "837" : "sunglasses",
    "121" : "king_crab",
    "728" : "plastic_bag",
    "294" : "brown_bear",
    "28" : "spotted_salamander",
    "202" : "soft-coated_wheaten_terrier",
    "365" : "orangutan",
    "105" : "koala",
    "885" : "velvet",
    "567" : "frying_pan",
    "783" : "screw",
    "506" : "coil",
    "884" : "vault",
    "625" : "lifeboat",
    "339" : "sorrel",
    "820" : "steam_locomotive",
    "565" : "freight_car",
    "331" : "hare",
    "660" : "mobile_home",
    "806" : "sock",
    "874" : "trolleybus",
    "918" : "crossword_puzzle",
    "357" : "mink",
    "418" : "ballpoint",
    "466" : "bullet_train",
    "353" : "gazelle",
    "800" : "slot",
    "13" : "junco",
    "174" : "Norwegian_elkhound",
    "106" : "wombat",
    "275" : "African_hunting_dog",
    "103" : "platypus",
    "392" : "rock_beauty",
    "437" : "beacon",
    "925" : "consomme",
    "509" : "confectionery",
    "568" : "fur_coat",
    "98" : "red-breasted_merganser",
    "9" : "ostrich",
    "458" : "brass",
    "829" : "streetcar",
    "674" : "mousetrap",
    "514" : "cowboy_boot",
    "300" : "tiger_beetle",
    "159" : "Rhodesian_ridgeback",
    "190" : "Sealyham_terrier",
    "646" : "maze",
    "349" : "bighorn",
    "551" : "face_powder",
    "727" : "planetarium",
    "185" : "Norfolk_terrier",
    "407" : "ambulance",
    "288" : "leopard",
    "398" : "abacus",
    "40" : "American_chameleon",
    "620" : "laptop",
    "282" : "tiger_cat",
    "189" : "Lakeland_terrier",
    "85" : "quail",
    "330" : "wood_rabbit",
    "933" : "cheeseburger",
    "928" : "ice_cream",
    "303" : "long-horned_beetle",
    "907" : "wine_bottle",
    "771" : "safe",
    "145" : "king_penguin",
    "556" : "fire_screen",
    "948" : "Granny_Smith",
    "415" : "bakery",
    "38" : "banded_gecko",
    "991" : "coral_fungus",
    "788" : "shoe_shop",
    "479" : "car_wheel",
    "315" : "mantis",
    "256" : "Newfoundland",
    "999" : "toilet_tissue",
    "73" : "barn_spider",
    "471" : "cannon",
    "333" : "hamster",
    "564" : "four-poster",
    "215" : "Brittany_spaniel",
    "91" : "coucal",
    "838" : "sunscreen",
    "137" : "American_coot",
    "72" : "black_and_gold_garden_spider",
    "460" : "breakwater",
    "637" : "mailbox",
    "895" : "warplane",
    "204" : "Lhasa",
    "405" : "airship",
    "584" : "hair_slide",
    "792" : "shovel",
    "953" : "pineapple",
    "243" : "bull_mastiff",
    "31" : "tree_frog",
    "577" : "gong",
    "741" : "prayer_rug",
    "1" : "goldfish",
    "271" : "red_wolf",
    "216" : "clumber",
    "93" : "hornbill",
    "488" : "chain",
    "188" : "wire-haired_fox_terrier",
    "25" : "European_fire_salamander",
    "358" : "polecat",
    "790" : "shopping_basket",
    "979" : "valley",
    "380" : "titi",
    "270" : "white_wolf",
    "60" : "night_snake",
    "716" : "picket_fence",
    "359" : "black-footed_ferret",
    "622" : "lens_cap",
    "289" : "snow_leopard",
    "536" : "dock",
    "563" : "fountain_pen",
    "627" : "limousine",
    "868" : "tray",
    "930" : "French_loaf",
    "889" : "violin",
    "114" : "slug",
    "922" : "menu",
    "495" : "china_cabinet",
    "721" : "pillow",
    "649" : "megalith",
    "499" : "cleaver",
    "667" : "mortarboard",
    "49" : "African_crocodile",
    "580" : "greenhouse",
    "335" : "fox_squirrel",
    "668" : "mosque",
    "847" : "tank",
    "840" : "swab",
    "408" : "amphibian",
    "803" : "snowplow",
    "16" : "bulbul",
    "888" : "viaduct",
    "472" : "canoe",
    "320" : "damselfly",
    "278" : "kit_fox",
    "170" : "Irish_wolfhound",
    "126" : "isopod",
    "371" : "patas",
    "594" : "harp",
    "343" : "warthog",
    "370" : "guenon",
    "738" : "pot",
    "549" : "envelope",
    "867" : "trailer_truck",
    "657" : "missile",
    "949" : "strawberry",
    "772" : "safety_pin",
    "99" : "goose",
    "559" : "folding_chair",
    "348" : "ram",
    "304" : "leaf_beetle",
    "655" : "miniskirt",
    "178" : "Weimaraner",
    "344" : "hippopotamus",
    "475" : "car_mirror",
    "452" : "bonnet",
    "618" : "ladle",
    "971" : "bubble",
    "211" : "vizsla",
    "68" : "sidewinder",
    "836" : "sunglass",
    "97" : "drake",
    "440" : "beer_bottle",
    "75" : "black_widow",
    "813" : "spatula",
    "750" : "quilt",
    "566" : "French_horn",
    "676" : "muzzle",
    "34" : "leatherback_turtle",
    "981" : "ballplayer",
    "636" : "mailbag",
    "263" : "Pembroke",
    "459" : "brassiere",
    "435" : "bathtub",
    "125" : "hermit_crab",
    "602" : "horizontal_bar",
    "739" : "potter's_wheel",
    "37" : "box_turtle",
    "644" : "matchstick",
    "423" : "barber_chair",
    "512" : "corkscrew",
    "919" : "street_sign",
    "171" : "Italian_greyhound",
    "131" : "little_blue_heron",
    "86" : "partridge",
    "484" : "catamaran",
    "219" : "cocker_spaniel",
    "560" : "football_helmet",
    "705" : "passenger_car",
    "220" : "Sussex_spaniel",
    "914" : "yawl",
    "678" : "neck_brace",
    "19" : "chickadee",
    "508" : "computer_keyboard",
    "61" : "boa_constrictor",
    "751" : "racer",
    "246" : "Great_Dane",
    "542" : "drumstick",
    "465" : "bulletproof_vest",
    "18" : "magpie",
    "671" : "mountain_bike",
    "152" : "Japanese_spaniel",
    "225" : "malinois",
    "391" : "coho",
    "410" : "apiary",
    "642" : "marimba",
    "638" : "maillot",
    "704" : "parking_meter",
    "605" : "iPod",
    "528" : "dial_telephone",
    "929" : "ice_lolly",
    "94" : "hummingbird",
    "532" : "dining_table",
    "143" : "oystercatcher",
    "156" : "Blenheim_spaniel",
    "224" : "groenendael",
    "961" : "dough",
    "823" : "stethoscope",
    "855" : "thimble",
    "612" : "jinrikisha",
    "761" : "remote_control",
    "41" : "whiptail",
    "835" : "sundial",
    "696" : "paintbrush",
    "195" : "Boston_bull",
    "876" : "tub",
    "214" : "Gordon_setter",
    "731" : "plunger",
    "393" : "anemone_fish",
    "932" : "pretzel",
    "789" : "shoji",
    "433" : "bathing_cap",
    "262" : "Brabancon_griffon",
    "239" : "Bernese_mountain_dog",
    "672" : "mountain_tent",
    "2" : "great_white_shark",
    "0" : "tench",
    "857" : "throne",
    "976" : "promontory",
    "110" : "flatworm",
    "436" : "beach_wagon",
    "720" : "pill_bottle",
    "588" : "hamper",
    "746" : "puck",
    "366" : "gorilla",
    "500" : "cliff_dwelling",
    "777" : "scabbard",
    "824" : "stole",
    "941" : "acorn_squash",
    "182" : "Border_terrier",
    "872" : "tripod",
    "77" : "wolf_spider",
    "582" : "grocery_store",
    "834" : "suit",
    "909" : "wok",
    "462" : "broom",
    "279" : "Arctic_fox",
    "273" : "dingo",
    "742" : "printer",
    "140" : "red-backed_sandpiper",
    "983" : "scuba_diver",
    "576" : "gondola",
    "306" : "rhinoceros_beetle",
    "23" : "vulture",
    "240" : "Appenzeller",
    "498" : "cinema",
    "66" : "horned_viper",
    "604" : "hourglass",
    "860" : "tobacco_shop",
    "613" : "joystick",
    "659" : "mixing_bowl",
    "586" : "half_track",
    "36" : "terrapin",
    "42" : "agama",
    "608" : "jean",
    "362" : "badger",
    "787" : "shield",
    "688" : "oscilloscope",
    "675" : "moving_van",
    "252" : "affenpinscher",
    "801" : "snorkel",
    "249" : "malamute",
    "21" : "kite",
    "352" : "impala",
    "569" : "garbage_truck",
    "796" : "ski_mask",
    "292" : "tiger",
    "427" : "barrel",
    "247" : "Saint_Bernard",
    "990" : "buckeye",
    "492" : "chest",
    "399" : "abaya",
    "337" : "beaver",
    "323" : "monarch",
    "616" : "knot",
    "175" : "otterhound",
    "519" : "crate",
    "144" : "pelican",
    "354" : "Arabian_camel",
    "11" : "goldfinch",
    "87" : "African_grey",
    "299" : "meerkat",
    "297" : "sloth_bear",
    "307" : "weevil",
    "807" : "solar_dish",
    "254" : "pug",
    "844" : "switch",
    "651" : "microwave",
    "241" : "EntleBucher",
    "493" : "chiffonier",
    "70" : "harvestman",
    "132" : "American_egret",
    "583" : "guillotine",
    "862" : "torch",
    "238" : "Greater_Swiss_Mountain_dog",
    "422" : "barbell",
    "167" : "English_foxhound",
    "111" : "nematode",
    "229" : "Old_English_sheepdog",
    "101" : "tusker",
    "663" : "monastery",
    "756" : "rain_barrel",
    "595" : "harvester",
    "95" : "jacamar",
    "830" : "stretcher",
    "980" : "volcano",
    "442" : "bell_cote",
    "310" : "ant",
    "521" : "Crock_Pot",
    "894" : "wardrobe",
    "46" : "green_lizard",
    "947" : "mushroom",
    "515" : "cowboy_hat",
    "547" : "electric_locomotive",
    "414" : "backpack",
    "680" : "nipple",
    "367" : "chimpanzee",
    "108" : "sea_anemone",
    "710" : "pencil_sharpener",
    "274" : "dhole",
    "350" : "ibex",
    "553" : "file",
    "112" : "conch",
    "945" : "bell_pepper",
    "692" : "packet",
    "694" : "paddlewheel",
    "429" : "baseball",
    "552" : "feather_boa",
    "529" : "diaper",
    "579" : "grand_piano",
    "176" : "Saluki",
    "311" : "grasshopper",
    "682" : "obelisk",
    "416" : "balance_beam",
    "986" : "yellow_lady's_slipper",
    "753" : "radiator",
    "89" : "sulphur-crested_cockatoo",
    "624" : "library",
    "481" : "cassette",
    "703" : "park_bench",
    "712" : "Petri_dish",
    "737" : "pop_bottle",
    "735" : "poncho",
    "903" : "wig",
    "732" : "Polaroid_camera",
    "534" : "dishwasher",
    "969" : "eggnog",
    "650" : "microphone",
    "363" : "armadillo",
    "978" : "seashore",
    "276" : "hyena",
    "494" : "chime",
    "361" : "skunk",
    "856" : "thresher",
    "670" : "motor_scooter",
    "858" : "tile_roof",
    "546" : "electric_guitar",
    "71" : "scorpion",
    "124" : "crayfish",
    "973" : "coral_reef",
    "702" : "parallel_bars",
    "158" : "toy_terrier",
    "477" : "carpenter's_kit",
    "778" : "scale",
    "524" : "cuirass",
    "487" : "cellular_telephone",
    "290" : "jaguar",
    "244" : "Tibetan_mastiff",
    "905" : "window_shade",
    "845" : "syringe",
    "17" : "jay",
    "793" : "shower_cap",
    "32" : "tailed_frog",
    "798" : "slide_rule",
    "764" : "rifle",
    "571" : "gas_pump",
    "510" : "container_ship",
    "470" : "candle",
    "959" : "carbonara",
    "640" : "manhole_cover",
    "59" : "vine_snake",
    "522" : "croquet_ball",
    "507" : "combination_lock",
    "55" : "green_snake",
    "503" : "cocktail_shaker",
    "29" : "axolotl",
    "652" : "military_uniform",
    "707" : "pay-phone",
    "530" : "digital_clock",
    "723" : "pinwheel",
    "883" : "vase",
    "119" : "rock_crab",
    "915" : "yurt",
    "599" : "honeycomb",
    "434" : "bath_towel",
    "14" : "indigo_bunting",
    "372" : "baboon",
    "491" : "chain_saw",
    "151" : "Chihuahua",
    "45" : "Gila_monster",
    "689" : "overskirt",
    "545" : "electric_fan",
    "541" : "drum",
    "854" : "theater_curtain",
    "886" : "vending_machine",
    "516" : "cradle",
    "454" : "bookshop",
    "572" : "goblet",
    "752" : "racket",
    "900" : "water_tower",
    "666" : "mortar",
    "879" : "umbrella",
    "621" : "lawn_mower",
    "645" : "maypole",
    "379" : "howler_monkey",
    "444" : "bicycle-built-for-two",
    "446" : "binder",
    "489" : "chainlink_fence",
    "912" : "worm_fence",
    "630" : "Loafer",
    "496" : "Christmas_stocking",
    "558" : "flute",
    "866" : "tractor",
    "504" : "coffee_mug",
    "231" : "collie",
    "982" : "groom",
    "826" : "stopwatch",
    "531" : "digital_watch",
    "183" : "Kerry_blue_terrier",
    "931" : "bagel",
    "497" : "church",
    "573" : "go-kart",
    "784" : "screwdriver",
    "117" : "chambered_nautilus",
    "5" : "electric_ray",
    "332" : "Angora",
    "708" : "pedestal",
    "538" : "dome",
    "757" : "recreational_vehicle",
    "535" : "disk_brake",
    "698" : "palace",
    "669" : "mosquito_net",
    "926" : "hot_pot",
    "870" : "tricycle",
    "368" : "gibbon",
    "875" : "trombone",
    "369" : "siamang",
    "210" : "German_short-haired_pointer",
    "972" : "cliff",
    "729" : "plate_rack",
    "881" : "upright",
    "90" : "lorikeet",
    "819" : "stage",
    "816" : "spindle",
    "374" : "langur",
    "209" : "Chesapeake_Bay_retriever",
    "974" : "geyser",
    "814" : "speedboat",
    "502" : "clog",
    "122" : "American_lobster",
    "896" : "washbasin",
    "988" : "acorn",
    "600" : "hook",
    "464" : "buckle",
    "406" : "altar",
    "526" : "desk",
    "744" : "projectile",
    "44" : "alligator_lizard",
    "960" : "chocolate_sauce",
    "902" : "whistle",
    "954" : "banana",
    "810" : "space_bar",
    "403" : "aircraft_carrier",
    "485" : "CD_player",
    "134" : "crane",
    "935" : "mashed_potato",
    "258" : "Samoyed",
    "927" : "trifle",
    "897" : "washer",
    "587" : "hammer",
    "774" : "sandal",
    "578" : "gown",
    "301" : "ladybug",
    "904" : "window_screen",
    "943" : "cucumber",
    "610" : "jersey",
    "977" : "sandbar",
    "287" : "lynx",
    "733" : "pole",
    "842" : "swimming_trunks",
    "129" : "spoonbill",
    "700" : "paper_towel",
    "797" : "sleeping_bag",
    "187" : "Yorkshire_terrier",
    "226" : "briard",
    "192" : "cairn",
    "291" : "lion",
    "726" : "plane",
    "456" : "bow",
    "213" : "Irish_setter",
    "968" : "cup",
    "381" : "spider_monkey",
    "711" : "perfume",
    "555" : "fire_engine",
    "347" : "bison",
    "390" : "eel",
    "43" : "frilled_lizard",
    "871" : "trimaran",
    "609" : "jeep",
    "212" : "English_setter",
    "908" : "wing",
    "329" : "sea_cucumber",
    "998" : "ear",
    "373" : "macaque",
    "697" : "pajama",
    "441" : "beer_glass",
    "911" : "wool",
    "251" : "dalmatian",
    "686" : "oil_filter",
    "227" : "kelpie",
    "10" : "brambling",
    "940" : "spaghetti_squash",
    "780" : "schooner",
    "236" : "Doberman",
    "970" : "alp",
    "377" : "marmoset",
    "82" : "ruffed_grouse",
    "987" : "corn",
    "511" : "convertible",
    "432" : "bassoon",
    "513" : "cornet",
    "527" : "desktop_computer",
    "53" : "ringneck_snake",
    "8" : "hen",
    "139" : "ruddy_turnstone",
    "118" : "Dungeness_crab",
    "267" : "standard_poodle",
    "939" : "zucchini",
    "818" : "spotlight",
    "717" : "pickup",
    "480" : "cash_machine",
    "799" : "sliding_door",
    "6" : "stingray",
    "997" : "bolete",
    "786" : "sewing_machine",
    "850" : "teddy",
    "394" : "sturgeon",
    "561" : "forklift",
    "179" : "Staffordshire_bullterrier",
    "815" : "spider_web",
    "709" : "pencil_box",
    "641" : "maraca",
    "811" : "space_heater",
    "62" : "rock_python",
    "846" : "table_lamp",
    "791" : "shopping_cart",
    "679" : "necklace",
    "27" : "eft",
    "892" : "wall_clock",
    "411" : "apron",
    "517" : "crane",
    "164" : "bluetick",
    "65" : "sea_snake",
    "127" : "white_stork",
    "463" : "bucket",
    "950" : "orange",
    "924" : "guacamole",
    "50" : "American_alligator",
    "450" : "bobsled",
    "685" : "odometer",
    "180" : "American_Staffordshire_terrier",
    "272" : "coyote",
    "482" : "cassette_player",
    "966" : "red_wine",
    "994" : "stinkhorn",
    "309" : "bee",
    "316" : "cicada",
    "382" : "squirrel_monkey",
    "747" : "punching_bag",
    "386" : "African_elephant",
    "404" : "airliner",
    "539" : "doormat",
    "232" : "Border_collie",
    "385" : "Indian_elephant",
    "869" : "trench_coat",
    "832" : "stupa",
    "221" : "Irish_water_spaniel",
    "955" : "jackfruit",
    "601" : "hoopskirt",
    "277" : "red_fox",
    "280" : "grey_fox",
    "635" : "magnetic_compass",
    "722" : "ping-pong_ball",
    "400" : "academic_gown",
    "116" : "chiton",
    "123" : "spiny_lobster",
    "378" : "capuchin",
    "388" : "giant_panda",
    "724" : "pirate",
    "483" : "castle",
    "207" : "golden_retriever",
    "203" : "West_Highland_white_terrier",
    "653" : "milk_can",
    "149" : "dugong",
    "626" : "lighter",
    "706" : "patio",
    "194" : "Dandie_Dinmont",
    "887" : "vestment",
    "478" : "carton",
    "769" : "rule",
    "891" : "waffle_iron",
    "80" : "black_grouse",
    "533" : "dishrag",
    "821" : "steel_arch_bridge",
    "345" : "ox",
    "58" : "water_snake",
    "431" : "bassinet",
    "425" : "barn",
    "453" : "bookcase",
    "743" : "prison",
    "681" : "notebook",
    "730" : "plow",
    "718" : "pier",
    "633" : "loupe",
    "160" : "Afghan_hound",
    "812" : "space_shuttle",
    "389" : "barracouta",
    "543" : "dumbbell",
    "992" : "agaric",
    "597" : "holster",
    "938" : "cauliflower",
    "163" : "bloodhound",
    "148" : "killer_whale",
    "338" : "guinea_pig",
    "725" : "pitcher",
    "74" : "garden_spider",
    "417" : "balloon",
    "22" : "bald_eagle",
    "412" : "ashcan",
    "664" : "monitor",
    "15" : "robin",
    "155" : "Shih-Tzu",
    "934" : "hotdog",
    "201" : "silky_terrier",
    "430" : "basketball",
    "261" : "keeshond",
    "322" : "ringlet",
    "859" : "toaster",
    "736" : "pool_table",
    "765" : "rocking_chair",
    "128" : "black_stork",
    "923" : "plate",
    "317" : "leafhopper",
    "4" : "hammerhead",
    "901" : "whiskey_jug",
    "120" : "fiddler_crab",
    "921" : "book_jacket",
    "809" : "soup_bowl",
    "259" : "Pomeranian",
    "619" : "lampshade",
    "162" : "beagle"
}